external,linkonce,time
1000,1000,154
1000,2000,54
1000,3000,65
1000,4000,64
1000,5000,69
1000,6000,69
1000,7000,74
1000,8000,87
1000,9000,78
1000,10000,87
1000,11000,86
1000,12000,97
1000,13000,105
1000,14000,109
1000,15000,113
1000,16000,120
1000,17000,123
1000,18000,129
1000,19000,135
1000,20000,135
1000,21000,144
1000,22000,191
1000,23000,149
1000,24000,164
1000,25000,168
1000,26000,173
1000,27000,181
1000,28000,184
1000,29000,187
1000,30000,192
1000,31000,196
1000,32000,204
1000,33000,210
1000,34000,210
1000,35000,214
1000,36000,221
1000,37000,227
1000,38000,228
1000,39000,235
1000,40000,239
1000,41000,245
1000,42000,249
1000,43000,253
1000,44000,261
1000,45000,264
1000,46000,266
1000,47000,273
1000,48000,277
1000,49000,309
1000,50000,318
2000,1000,108
2000,2000,107
2000,3000,100
2000,4000,114
2000,5000,115
2000,6000,113
2000,7000,185
2000,8000,122
2000,9000,179
2000,10000,135
2000,11000,132
2000,12000,147
2000,13000,147
2000,14000,147
2000,15000,155
2000,16000,162
2000,17000,164
2000,18000,165
2000,19000,173
2000,20000,247
2000,21000,196
2000,22000,182
2000,23000,200
2000,24000,203
2000,25000,211
2000,26000,220
2000,27000,216
2000,28000,222
2000,29000,228
2000,30000,229
2000,31000,234
2000,32000,240
2000,33000,245
2000,34000,249
2000,35000,252
2000,36000,257
2000,37000,263
2000,38000,269
2000,39000,272
2000,40000,274
2000,41000,284
2000,42000,343
2000,43000,289
2000,44000,293
2000,45000,300
2000,46000,302
2000,47000,305
2000,48000,341
2000,49000,344
2000,50000,356
3000,1000,130
3000,2000,153
3000,3000,192
3000,4000,144
3000,5000,145
3000,6000,156
3000,7000,152
3000,8000,153
3000,9000,168
3000,10000,171
3000,11000,220
3000,12000,171
3000,13000,177
3000,14000,182
3000,15000,197
3000,16000,196
3000,17000,195
3000,18000,254
3000,19000,255
3000,20000,205
3000,21000,212
3000,22000,226
3000,23000,235
3000,24000,238
3000,25000,237
3000,26000,247
3000,27000,251
3000,28000,259
3000,29000,260
3000,30000,266
3000,31000,267
3000,32000,278
3000,33000,275
3000,34000,279
3000,35000,279
3000,36000,286
3000,37000,293
3000,38000,295
3000,39000,295
3000,40000,300
3000,41000,344
3000,42000,314
3000,43000,317
3000,44000,316
3000,45000,322
3000,46000,329
3000,47000,365
3000,48000,369
3000,49000,379
3000,50000,382
4000,1000,187
4000,2000,182
4000,3000,189
4000,4000,196
4000,5000,185
4000,6000,198
4000,7000,192
4000,8000,196
4000,9000,201
4000,10000,224
4000,11000,213
4000,12000,220
4000,13000,219
4000,14000,228
4000,15000,227
4000,16000,241
4000,17000,301
4000,18000,238
4000,19000,265
4000,20000,257
4000,21000,258
4000,22000,276
4000,23000,270
4000,24000,272
4000,25000,279
4000,26000,282
4000,27000,289
4000,28000,285
4000,29000,291
4000,30000,301
4000,31000,299
4000,32000,312
4000,33000,313
4000,34000,312
4000,35000,321
4000,36000,315
4000,37000,321
4000,38000,326
4000,39000,407
4000,40000,409
4000,41000,342
4000,42000,352
4000,43000,371
4000,44000,372
4000,45000,366
4000,46000,427
4000,47000,415
4000,48000,429
4000,49000,409
4000,50000,425
5000,1000,238
5000,2000,305
5000,3000,228
5000,4000,316
5000,5000,241
5000,6000,236
5000,7000,232
5000,8000,314
5000,9000,249
5000,10000,243
5000,11000,242
5000,12000,256
5000,13000,250
5000,14000,257
5000,15000,333
5000,16000,269
5000,17000,275
5000,18000,290
5000,19000,283
5000,20000,302
5000,21000,303
5000,22000,303
5000,23000,299
5000,24000,304
5000,25000,329
5000,26000,316
5000,27000,319
5000,28000,324
5000,29000,325
5000,30000,336
5000,31000,338
5000,32000,341
5000,33000,341
5000,34000,359
5000,35000,349
5000,36000,365
5000,37000,446
5000,38000,435
5000,39000,379
5000,40000,385
5000,41000,401
5000,42000,386
5000,43000,385
5000,44000,388
5000,45000,426
5000,46000,432
5000,47000,434
5000,48000,447
5000,49000,461
5000,50000,453
6000,1000,267
6000,2000,266
6000,3000,270
6000,4000,281
6000,5000,291
6000,6000,278
6000,7000,271
6000,8000,307
6000,9000,279
6000,10000,283
6000,11000,286
6000,12000,286
6000,13000,367
6000,14000,368
6000,15000,299
6000,16000,297
6000,17000,313
6000,18000,311
6000,19000,322
6000,20000,342
6000,21000,351
6000,22000,340
6000,23000,343
6000,24000,342
6000,25000,342
6000,26000,343
6000,27000,360
6000,28000,375
6000,29000,379
6000,30000,371
6000,31000,377
6000,32000,387
6000,33000,411
6000,34000,392
6000,35000,507
6000,36000,462
6000,37000,449
6000,38000,419
6000,39000,406
6000,40000,391
6000,41000,415
6000,42000,423
6000,43000,427
6000,44000,451
6000,45000,465
6000,46000,473
6000,47000,465
6000,48000,458
6000,49000,535
6000,50000,487
7000,1000,312
7000,2000,308
7000,3000,348
7000,4000,311
7000,5000,310
7000,6000,330
7000,7000,322
7000,8000,352
7000,9000,315
7000,10000,331
7000,11000,393
7000,12000,376
7000,13000,346
7000,14000,357
7000,15000,329
7000,16000,350
7000,17000,372
7000,18000,354
7000,19000,353
7000,20000,374
7000,21000,365
7000,22000,379
7000,23000,384
7000,24000,392
7000,25000,399
7000,26000,405
7000,27000,405
7000,28000,403
7000,29000,409
7000,30000,422
7000,31000,412
7000,32000,423
7000,33000,478
7000,34000,450
7000,35000,522
7000,36000,450
7000,37000,453
7000,38000,449
7000,39000,463
7000,40000,453
7000,41000,459
7000,42000,477
7000,43000,488
7000,44000,505
7000,45000,495
7000,46000,493
7000,47000,510
7000,48000,504
7000,49000,531
7000,50000,522
8000,1000,352
8000,2000,339
8000,3000,386
8000,4000,423
8000,5000,375
8000,6000,369
8000,7000,395
8000,8000,357
8000,9000,383
8000,10000,387
8000,11000,369
8000,12000,390
8000,13000,385
8000,14000,378
8000,15000,394
8000,16000,404
8000,17000,404
8000,18000,406
8000,19000,444
8000,20000,410
8000,21000,420
8000,22000,430
8000,23000,433
8000,24000,423
8000,25000,419
8000,26000,433
8000,27000,446
8000,28000,473
8000,29000,451
8000,30000,466
8000,31000,486
8000,32000,553
8000,33000,534
8000,34000,530
8000,35000,477
8000,36000,495
8000,37000,477
8000,38000,522
8000,39000,516
8000,40000,532
8000,41000,500
8000,42000,563
8000,43000,526
8000,44000,540
8000,45000,546
8000,46000,542
8000,47000,535
8000,48000,533
8000,49000,544
8000,50000,582
9000,1000,397
9000,2000,398
9000,3000,407
9000,4000,402
9000,5000,400
9000,6000,408
9000,7000,464
9000,8000,462
9000,9000,456
9000,10000,432
9000,11000,452
9000,12000,430
9000,13000,437
9000,14000,422
9000,15000,438
9000,16000,441
9000,17000,445
9000,18000,454
9000,19000,439
9000,20000,475
9000,21000,445
9000,22000,457
9000,23000,481
9000,24000,507
9000,25000,455
9000,26000,479
9000,27000,477
9000,28000,466
9000,29000,547
9000,30000,545
9000,31000,544
9000,32000,560
9000,33000,505
9000,34000,524
9000,35000,538
9000,36000,507
9000,37000,546
9000,38000,535
9000,39000,588
9000,40000,513
9000,41000,542
9000,42000,573
9000,43000,570
9000,44000,602
9000,45000,588
9000,46000,570
9000,47000,567
9000,48000,612
9000,49000,606
9000,50000,610
10000,1000,440
10000,2000,462
10000,3000,442
10000,4000,459
10000,5000,536
10000,6000,501
10000,7000,499
10000,8000,513
10000,9000,484
10000,10000,464
10000,11000,467
10000,12000,487
10000,13000,470
10000,14000,474
10000,15000,466
10000,16000,476
10000,17000,462
10000,18000,496
10000,19000,495
10000,20000,484
10000,21000,529
10000,22000,499
10000,23000,495
10000,24000,509
10000,25000,505
10000,26000,512
10000,27000,516
10000,28000,563
10000,29000,586
10000,30000,617
10000,31000,552
10000,32000,532
10000,33000,548
10000,34000,546
10000,35000,552
10000,36000,574
10000,37000,587
10000,38000,582
10000,39000,576
10000,40000,604
10000,41000,583
10000,42000,608
10000,43000,615
10000,44000,609
10000,45000,600
10000,46000,625
10000,47000,635
10000,48000,632
10000,49000,632
10000,50000,715
11000,1000,553
11000,2000,472
11000,3000,555
11000,4000,553
11000,5000,541
11000,6000,555
11000,7000,514
11000,8000,491
11000,9000,503
11000,10000,515
11000,11000,500
11000,12000,508
11000,13000,504
11000,14000,552
11000,15000,526
11000,16000,627
11000,17000,516
11000,18000,543
11000,19000,524
11000,20000,555
11000,21000,526
11000,22000,523
11000,23000,526
11000,24000,566
11000,25000,545
11000,26000,636
11000,27000,612
11000,28000,605
11000,29000,642
11000,30000,561
11000,31000,611
11000,32000,595
11000,33000,620
11000,34000,574
11000,35000,592
11000,36000,589
11000,37000,596
11000,38000,583
11000,39000,627
11000,40000,619
11000,41000,630
11000,42000,639
11000,43000,643
11000,44000,677
11000,45000,658
11000,46000,640
11000,47000,664
11000,48000,753
11000,49000,725
11000,50000,636
12000,1000,600
12000,2000,586
12000,3000,536
12000,4000,534
12000,5000,551
12000,6000,522
12000,7000,539
12000,8000,546
12000,9000,573
12000,10000,582
12000,11000,541
12000,12000,569
12000,13000,599
12000,14000,549
12000,15000,632
12000,16000,561
12000,17000,626
12000,18000,559
12000,19000,561
12000,20000,585
12000,21000,568
12000,22000,574
12000,23000,588
12000,24000,644
12000,25000,673
12000,26000,641
12000,27000,678
12000,28000,640
12000,29000,610
12000,30000,626
12000,31000,670
12000,32000,650
12000,33000,637
12000,34000,644
12000,35000,620
12000,36000,645
12000,37000,643
12000,38000,678
12000,39000,650
12000,40000,671
12000,41000,672
12000,42000,691
12000,43000,676
12000,44000,691
12000,45000,732
12000,46000,798
12000,47000,787
12000,48000,700
12000,49000,767
12000,50000,754
13000,1000,563
13000,2000,638
13000,3000,564
13000,4000,570
13000,5000,565
13000,6000,594
13000,7000,663
13000,8000,604
13000,9000,590
13000,10000,613
13000,11000,590
13000,12000,599
13000,13000,635
13000,14000,602
13000,15000,608
13000,16000,590
13000,17000,590
13000,18000,598
13000,19000,615
13000,20000,687
13000,21000,597
13000,22000,638
13000,23000,677
13000,24000,674
13000,25000,615
13000,26000,676
13000,27000,619
13000,28000,621
13000,29000,631
13000,30000,633
13000,31000,630
13000,32000,660
13000,33000,647
13000,34000,642
13000,35000,642
13000,36000,652
13000,37000,703
13000,38000,694
13000,39000,714
13000,40000,691
13000,41000,737
13000,42000,698
13000,43000,732
13000,44000,711
13000,45000,782
13000,46000,762
13000,47000,758
13000,48000,785
13000,49000,753
13000,50000,750
14000,1000,624
14000,2000,594
14000,3000,639
14000,4000,667
14000,5000,628
14000,6000,622
14000,7000,646
14000,8000,626
14000,9000,645
14000,10000,640
14000,11000,629
14000,12000,667
14000,13000,634
14000,14000,660
14000,15000,678
14000,16000,660
14000,17000,707
14000,18000,647
14000,19000,691
14000,20000,691
14000,21000,748
14000,22000,717
14000,23000,684
14000,24000,708
14000,25000,673
14000,26000,667
14000,27000,715
14000,28000,669
14000,29000,683
14000,30000,690
14000,31000,745
14000,32000,687
14000,33000,729
14000,34000,694
14000,35000,693
14000,36000,762
14000,37000,720
14000,38000,710
14000,39000,738
14000,40000,768
14000,41000,780
14000,42000,761
14000,43000,824
14000,44000,742
14000,45000,816
14000,46000,823
14000,47000,792
14000,48000,804
14000,49000,792
14000,50000,804
15000,1000,646
15000,2000,662
15000,3000,661
15000,4000,658
15000,5000,649
15000,6000,725
15000,7000,673
15000,8000,646
15000,9000,689
15000,10000,673
15000,11000,706
15000,12000,679
15000,13000,677
15000,14000,686
15000,15000,691
15000,16000,696
15000,17000,693
15000,18000,697
15000,19000,738
15000,20000,740
15000,21000,750
15000,22000,847
15000,23000,794
15000,24000,744
15000,25000,788
15000,26000,709
15000,27000,709
15000,28000,706
15000,29000,721
15000,30000,748
15000,31000,726
15000,32000,737
15000,33000,739
15000,34000,759
15000,35000,764
15000,36000,772
15000,37000,790
15000,38000,773
15000,39000,764
15000,40000,807
15000,41000,875
15000,42000,827
15000,43000,824
15000,44000,841
15000,45000,785
15000,46000,827
15000,47000,823
15000,48000,843
15000,49000,814
15000,50000,831
16000,1000,709
16000,2000,689
16000,3000,744
16000,4000,750
16000,5000,773
16000,6000,700
16000,7000,715
16000,8000,718
16000,9000,718
16000,10000,761
16000,11000,751
16000,12000,714
16000,13000,730
16000,14000,749
16000,15000,725
16000,16000,761
16000,17000,791
16000,18000,810
16000,19000,730
16000,20000,808
16000,21000,735
16000,22000,804
16000,23000,773
16000,24000,748
16000,25000,744
16000,26000,794
16000,27000,762
16000,28000,775
16000,29000,781
16000,30000,772
16000,31000,802
16000,32000,769
16000,33000,780
16000,34000,781
16000,35000,817
16000,36000,824
16000,37000,837
16000,38000,809
16000,39000,861
16000,40000,894
16000,41000,836
16000,42000,903
16000,43000,908
16000,44000,868
16000,45000,859
16000,46000,862
16000,47000,827
16000,48000,871
16000,49000,899
16000,50000,852
17000,1000,738
17000,2000,731
17000,3000,780
17000,4000,756
17000,5000,800
17000,6000,740
17000,7000,828
17000,8000,850
17000,9000,754
17000,10000,764
17000,11000,754
17000,12000,806
17000,13000,790
17000,14000,855
17000,15000,774
17000,16000,853
17000,17000,854
17000,18000,797
17000,19000,853
17000,20000,848
17000,21000,846
17000,22000,825
17000,23000,786
17000,24000,783
17000,25000,818
17000,26000,847
17000,27000,830
17000,28000,800
17000,29000,798
17000,30000,835
17000,31000,816
17000,32000,813
17000,33000,848
17000,34000,866
17000,35000,844
17000,36000,844
17000,37000,930
17000,38000,944
17000,39000,838
17000,40000,920
17000,41000,1002
17000,42000,885
17000,43000,928
17000,44000,987
17000,45000,856
17000,46000,888
17000,47000,880
17000,48000,913
17000,49000,898
17000,50000,908
18000,1000,833
18000,2000,774
18000,3000,846
18000,4000,766
18000,5000,786
18000,6000,797
18000,7000,816
18000,8000,831
18000,9000,790
18000,10000,793
18000,11000,811
18000,12000,822
18000,13000,830
18000,14000,895
18000,15000,835
18000,16000,843
18000,17000,984
18000,18000,858
18000,19000,818
18000,20000,852
18000,21000,837
18000,22000,919
18000,23000,846
18000,24000,850
18000,25000,829
18000,26000,846
18000,27000,848
18000,28000,872
18000,29000,850
18000,30000,867
18000,31000,945
18000,32000,846
18000,33000,872
18000,34000,894
18000,35000,864
18000,36000,919
18000,37000,925
18000,38000,931
18000,39000,904
18000,40000,946
18000,41000,947
18000,42000,874
18000,43000,913
18000,44000,940
18000,45000,921
18000,46000,895
18000,47000,952
18000,48000,988
18000,49000,904
18000,50000,973
19000,1000,799
19000,2000,816
19000,3000,957
19000,4000,816
19000,5000,814
19000,6000,849
19000,7000,833
19000,8000,828
19000,9000,864
19000,10000,877
19000,11000,912
19000,12000,937
19000,13000,863
19000,14000,911
19000,15000,928
19000,16000,874
19000,17000,933
19000,18000,934
19000,19000,932
19000,20000,911
19000,21000,878
19000,22000,874
19000,23000,866
19000,24000,902
19000,25000,876
19000,26000,885
19000,27000,905
19000,28000,887
19000,29000,942
19000,30000,914
19000,31000,922
19000,32000,943
19000,33000,902
19000,34000,912
19000,35000,942
19000,36000,900
19000,37000,935
19000,38000,986
19000,39000,1067
19000,40000,900
19000,41000,922
19000,42000,971
19000,43000,992
19000,44000,955
19000,45000,926
19000,46000,952
19000,47000,935
19000,48000,972
19000,49000,972
19000,50000,983
20000,1000,886
20000,2000,904
20000,3000,864
20000,4000,969
20000,5000,866
20000,6000,894
20000,7000,899
20000,8000,882
20000,9000,978
20000,10000,955
20000,11000,879
20000,12000,1049
20000,13000,946
20000,14000,966
20000,15000,954
20000,16000,998
20000,17000,972
20000,18000,909
20000,19000,927
20000,20000,907
20000,21000,929
20000,22000,919
20000,23000,909
20000,24000,1059
20000,25000,919
20000,26000,911
20000,27000,951
20000,28000,919
20000,29000,945
20000,30000,919
20000,31000,941
20000,32000,931
20000,33000,985
20000,34000,1032
20000,35000,1005
20000,36000,1000
20000,37000,998
20000,38000,966
20000,39000,955
20000,40000,1037
20000,41000,955
20000,42000,1067
20000,43000,1027
20000,44000,1045
20000,45000,975
20000,46000,982
20000,47000,1012
20000,48000,1007
20000,49000,991
20000,50000,1023
21000,1000,943
21000,2000,917
21000,3000,936
21000,4000,941
21000,5000,917
21000,6000,936
21000,7000,998
21000,8000,962
21000,9000,953
21000,10000,1002
21000,11000,1008
21000,12000,987
21000,13000,985
21000,14000,953
21000,15000,947
21000,16000,946
21000,17000,937
21000,18000,1013
21000,19000,1000
21000,20000,941
21000,21000,955
21000,22000,990
21000,23000,954
21000,24000,969
21000,25000,961
21000,26000,954
21000,27000,955
21000,28000,955
21000,29000,952
21000,30000,957
21000,31000,1014
21000,32000,1015
21000,33000,972
21000,34000,1019
21000,35000,1042
21000,36000,1103
21000,37000,1018
21000,38000,1109
21000,39000,1053
21000,40000,1033
21000,41000,1026
21000,42000,1007
21000,43000,998
21000,44000,1026
21000,45000,1041
21000,46000,1030
21000,47000,1047
21000,48000,1035
21000,49000,1078
21000,50000,1030
22000,1000,914
22000,2000,943
22000,3000,966
22000,4000,941
22000,5000,951
22000,6000,1046
22000,7000,957
22000,8000,1045
22000,9000,981
22000,10000,959
22000,11000,1025
22000,12000,1002
22000,13000,984
22000,14000,1035
22000,15000,971
22000,16000,1009
22000,17000,989
22000,18000,1019
22000,19000,998
22000,20000,1017
22000,21000,993
22000,22000,1048
22000,23000,1042
22000,24000,1033
22000,25000,993
22000,26000,1024
22000,27000,1038
22000,28000,1027
22000,29000,1068
22000,30000,1007
22000,31000,1017
22000,32000,1084
22000,33000,1077
22000,34000,1086
22000,35000,1018
22000,36000,1023
22000,37000,1026
22000,38000,1042
22000,39000,1022
22000,40000,1039
22000,41000,1063
22000,42000,1033
22000,43000,1043
22000,44000,1050
22000,45000,1192
22000,46000,1106
22000,47000,1212
22000,48000,1097
22000,49000,1083
22000,50000,1074
23000,1000,998
23000,2000,1011
23000,3000,1049
23000,4000,1009
23000,5000,991
23000,6000,1061
23000,7000,1062
23000,8000,1027
23000,9000,1049
23000,10000,1005
23000,11000,1000
23000,12000,1017
23000,13000,1019
23000,14000,1068
23000,15000,1057
23000,16000,1009
23000,17000,1021
23000,18000,1021
23000,19000,1107
23000,20000,1054
23000,21000,1078
23000,22000,1033
23000,23000,1030
23000,24000,1055
23000,25000,1055
23000,26000,1057
23000,27000,1031
23000,28000,1079
23000,29000,1048
23000,30000,1165
23000,31000,1084
23000,32000,1144
23000,33000,1142
23000,34000,1079
23000,35000,1074
23000,36000,1071
23000,37000,1065
23000,38000,1133
23000,39000,1069
23000,40000,1078
23000,41000,1112
23000,42000,1113
23000,43000,1096
23000,44000,1108
23000,45000,1097
23000,46000,1166
23000,47000,1154
23000,48000,1178
23000,49000,1082
23000,50000,1201
24000,1000,1083
24000,2000,1105
24000,3000,1059
24000,4000,1072
24000,5000,1040
24000,6000,1150
24000,7000,1137
24000,8000,1043
24000,9000,1106
24000,10000,1177
24000,11000,1040
24000,12000,1091
24000,13000,1080
24000,14000,1134
24000,15000,1115
24000,16000,1094
24000,17000,1068
24000,18000,1088
24000,19000,1132
24000,20000,1091
24000,21000,1117
24000,22000,1091
24000,23000,1119
24000,24000,1089
24000,25000,1133
24000,26000,1089
24000,27000,1168
24000,28000,1134
24000,29000,1133
24000,30000,1197
24000,31000,1164
24000,32000,1087
24000,33000,1139
24000,34000,1114
24000,35000,1122
24000,36000,1126
24000,37000,1113
24000,38000,1120
24000,39000,1119
24000,40000,1162
24000,41000,1127
24000,42000,1159
24000,43000,1173
24000,44000,1185
24000,45000,1204
24000,46000,1157
24000,47000,1140
24000,48000,1225
24000,49000,1230
24000,50000,1174
25000,1000,1133
25000,2000,1075
25000,3000,1090
25000,4000,1152
25000,5000,1185
25000,6000,1073
25000,7000,1211
25000,8000,1139
25000,9000,1114
25000,10000,1151
25000,11000,1171
25000,12000,1085
25000,13000,1150
25000,14000,1205
25000,15000,1099
25000,16000,1132
25000,17000,1140
25000,18000,1158
25000,19000,1128
25000,20000,1140
25000,21000,1115
25000,22000,1157
25000,23000,1186
25000,24000,1145
25000,25000,1167
25000,26000,1129
25000,27000,1120
25000,28000,1198
25000,29000,1168
25000,30000,1162
25000,31000,1156
25000,32000,1175
25000,33000,1192
25000,34000,1139
25000,35000,1129
25000,36000,1174
25000,37000,1143
25000,38000,1172
25000,39000,1163
25000,40000,1177
25000,41000,1154
25000,42000,1182
25000,43000,1185
25000,44000,1164
25000,45000,1195
25000,46000,1273
25000,47000,1234
25000,48000,1220
25000,49000,1247
25000,50000,1261
26000,1000,1128
26000,2000,1225
26000,3000,1153
26000,4000,1112
26000,5000,1233
26000,6000,1177
26000,7000,1132
26000,8000,1153
26000,9000,1116
26000,10000,1193
26000,11000,1168
26000,12000,1183
26000,13000,1180
26000,14000,1130
26000,15000,1154
26000,16000,1126
26000,17000,1147
26000,18000,1238
26000,19000,1178
26000,20000,1176
26000,21000,1210
26000,22000,1222
26000,23000,1207
26000,24000,1243
26000,25000,1259
26000,26000,1256
26000,27000,1205
26000,28000,1276
26000,29000,1244
26000,30000,1208
26000,31000,1274
26000,32000,1181
26000,33000,1280
26000,34000,1211
26000,35000,1262
26000,36000,1174
26000,37000,1210
26000,38000,1188
26000,39000,1209
26000,40000,1289
26000,41000,1187
26000,42000,1242
26000,43000,1259
26000,44000,1307
26000,45000,1295
26000,46000,1271
26000,47000,1390
26000,48000,1317
26000,49000,1234
26000,50000,1277
27000,1000,1212
27000,2000,1186
27000,3000,1185
27000,4000,1241
27000,5000,1256
27000,6000,1146
27000,7000,1192
27000,8000,1206
27000,9000,1169
27000,10000,1150
27000,11000,1196
27000,12000,1180
27000,13000,1215
27000,14000,1191
27000,15000,1157
27000,16000,1201
27000,17000,1208
27000,18000,1190
27000,19000,1255
27000,20000,1245
27000,21000,1251
27000,22000,1308
27000,23000,1281
27000,24000,1297
27000,25000,1287
27000,26000,1351
27000,27000,1328
27000,28000,1212
27000,29000,1359
27000,30000,1249
27000,31000,1269
27000,32000,1214
27000,33000,1230
27000,34000,1223
27000,35000,1240
27000,36000,1258
27000,37000,1241
27000,38000,1291
27000,39000,1262
27000,40000,1315
27000,41000,1296
27000,42000,1334
27000,43000,1416
27000,44000,1264
27000,45000,1331
27000,46000,1390
27000,47000,1438
27000,48000,1348
27000,49000,1381
27000,50000,1319
28000,1000,1178
28000,2000,1252
28000,3000,1215
28000,4000,1232
28000,5000,1244
28000,6000,1277
28000,7000,1208
28000,8000,1276
28000,9000,1226
28000,10000,1229
28000,11000,1272
28000,12000,1283
28000,13000,1224
28000,14000,1237
28000,15000,1271
28000,16000,1272
28000,17000,1243
28000,18000,1270
28000,19000,1387
28000,20000,1354
28000,21000,1298
28000,22000,1231
28000,23000,1317
28000,24000,1280
28000,25000,1322
28000,26000,1277
28000,27000,1244
28000,28000,1295
28000,29000,1254
28000,30000,1268
28000,31000,1259
28000,32000,1293
28000,33000,1278
28000,34000,1264
28000,35000,1290
28000,36000,1313
28000,37000,1316
28000,38000,1346
28000,39000,1311
28000,40000,1386
28000,41000,1442
28000,42000,1291
28000,43000,1362
28000,44000,1363
28000,45000,1355
28000,46000,1412
28000,47000,1397
28000,48000,1333
28000,49000,1356
28000,50000,1356
29000,1000,1330
29000,2000,1264
29000,3000,1310
29000,4000,1258
29000,5000,1250
29000,6000,1278
29000,7000,1290
29000,8000,1306
29000,9000,1232
29000,10000,1273
29000,11000,1298
29000,12000,1265
29000,13000,1292
29000,14000,1250
29000,15000,1281
29000,16000,1290
29000,17000,1356
29000,18000,1305
29000,19000,1252
29000,20000,1318
29000,21000,1307
29000,22000,1366
29000,23000,1410
29000,24000,1320
29000,25000,1325
29000,26000,1398
29000,27000,1290
29000,28000,1332
29000,29000,1317
29000,30000,1349
29000,31000,1298
29000,32000,1310
29000,33000,1360
29000,34000,1326
29000,35000,1385
29000,36000,1365
29000,37000,1343
29000,38000,1417
29000,39000,1381
29000,40000,1487
29000,41000,1395
29000,42000,1422
29000,43000,1500
29000,44000,1374
29000,45000,1442
29000,46000,1458
29000,47000,1391
29000,48000,1401
29000,49000,1419
29000,50000,1371
30000,1000,1304
30000,2000,1344
30000,3000,1270
30000,4000,1279
30000,5000,1296
30000,6000,1305
30000,7000,1340
30000,8000,1286
30000,9000,1292
30000,10000,1301
30000,11000,1367
30000,12000,1326
30000,13000,1317
30000,14000,1422
30000,15000,1353
30000,16000,1365
30000,17000,1432
30000,18000,1392
30000,19000,1402
30000,20000,1405
30000,21000,1415
30000,22000,1385
30000,23000,1365
30000,24000,1333
30000,25000,1331
30000,26000,1367
30000,27000,1379
30000,28000,1378
30000,29000,1359
30000,30000,1378
30000,31000,1388
30000,32000,1404
30000,33000,1391
30000,34000,1420
30000,35000,1423
30000,36000,1386
30000,37000,1508
30000,38000,1441
30000,39000,1400
30000,40000,1395
30000,41000,1447
30000,42000,1421
30000,43000,1504
30000,44000,1484
30000,45000,1426
30000,46000,1477
30000,47000,1393
30000,48000,1400
30000,49000,1461
30000,50000,1500
31000,1000,1426
31000,2000,1415
31000,3000,1393
31000,4000,1438
31000,5000,1333
31000,6000,1354
31000,7000,1359
31000,8000,1334
31000,9000,1329
31000,10000,1436
31000,11000,1394
31000,12000,1355
31000,13000,1451
31000,14000,1425
31000,15000,1447
31000,16000,1384
31000,17000,1330
31000,18000,1400
31000,19000,1427
31000,20000,1424
31000,21000,1561
31000,22000,1375
31000,23000,1412
31000,24000,1521
31000,25000,1450
31000,26000,1397
31000,27000,1433
31000,28000,1414
31000,29000,1481
31000,30000,1429
31000,31000,1389
31000,32000,1402
31000,33000,1460
31000,34000,1451
31000,35000,1465
31000,36000,1417
31000,37000,1578
31000,38000,1514
31000,39000,1441
31000,40000,1588
31000,41000,1464
31000,42000,1495
31000,43000,1548
31000,44000,1562
31000,45000,1490
31000,46000,1508
31000,47000,1461
31000,48000,1477
31000,49000,1513
31000,50000,1465
32000,1000,1401
32000,2000,1387
32000,3000,1432
32000,4000,1392
32000,5000,1391
32000,6000,1376
32000,7000,1366
32000,8000,1363
32000,9000,1352
32000,10000,1358
32000,11000,1369
32000,12000,1436
32000,13000,1442
32000,14000,1442
32000,15000,1370
32000,16000,1525
32000,17000,1467
32000,18000,1415
32000,19000,1415
32000,20000,1524
32000,21000,1419
32000,22000,1521
32000,23000,1571
32000,24000,1432
32000,25000,1507
32000,26000,1502
32000,27000,1437
32000,28000,1440
32000,29000,1470
32000,30000,1549
32000,31000,1479
32000,32000,1601
32000,33000,1497
32000,34000,1527
32000,35000,1508
32000,36000,1526
32000,37000,1543
32000,38000,1628
32000,39000,1467
32000,40000,1562
32000,41000,1484
32000,42000,1476
32000,43000,1545
32000,44000,1506
32000,45000,1498
32000,46000,1590
32000,47000,1511
32000,48000,1505
32000,49000,1497
32000,50000,1497
33000,1000,1452
33000,2000,1512
33000,3000,1401
33000,4000,1403
33000,5000,1475
33000,6000,1425
33000,7000,1445
33000,8000,1496
33000,9000,1391
33000,10000,1500
33000,11000,1581
33000,12000,1487
33000,13000,1505
33000,14000,1467
33000,15000,1413
33000,16000,1489
33000,17000,1518
33000,18000,1471
33000,19000,1645
33000,20000,1587
33000,21000,1530
33000,22000,1492
33000,23000,1582
33000,24000,1511
33000,25000,1498
33000,26000,1493
33000,27000,1529
33000,28000,1520
33000,29000,1568
33000,30000,1503
33000,31000,1558
33000,32000,1611
33000,33000,1509
33000,34000,1613
33000,35000,1572
33000,36000,1524
33000,37000,1561
33000,38000,1607
33000,39000,1517
33000,40000,1526
33000,41000,1545
33000,42000,1541
33000,43000,1660
33000,44000,1593
33000,45000,1657
33000,46000,1699
33000,47000,1658
33000,48000,1616
33000,49000,1618
33000,50000,1597
34000,1000,1489
34000,2000,1514
34000,3000,1428
34000,4000,1524
34000,5000,1500
34000,6000,1463
34000,7000,1499
34000,8000,1484
34000,9000,1501
34000,10000,1646
34000,11000,1497
34000,12000,1486
34000,13000,1478
34000,14000,1530
34000,15000,1515
34000,16000,1588
34000,17000,1613
34000,18000,1551
34000,19000,1513
34000,20000,1536
34000,21000,1511
34000,22000,1552
34000,23000,1514
34000,24000,1535
34000,25000,1576
34000,26000,1598
34000,27000,1551
34000,28000,1589
34000,29000,1623
34000,30000,1641
34000,31000,1549
34000,32000,1669
34000,33000,1558
34000,34000,1609
34000,35000,1715
34000,36000,1634
34000,37000,1679
34000,38000,1665
34000,39000,1601
34000,40000,1586
34000,41000,1591
34000,42000,1596
34000,43000,1631
34000,44000,1580
34000,45000,1587
34000,46000,1641
34000,47000,1617
34000,48000,1581
34000,49000,1648
34000,50000,1622
35000,1000,1593
35000,2000,1554
35000,3000,1473
35000,4000,1542
35000,5000,1537
35000,6000,1528
35000,7000,1567
35000,8000,1592
35000,9000,1590
35000,10000,1642
35000,11000,1492
35000,12000,1604
35000,13000,1569
35000,14000,1527
35000,15000,1592
35000,16000,1591
35000,17000,1632
35000,18000,1551
35000,19000,1547
35000,20000,1586
35000,21000,1579
35000,22000,1612
35000,23000,1673
35000,24000,1673
35000,25000,1604
35000,26000,1612
35000,27000,1662
35000,28000,1723
35000,29000,1689
35000,30000,1624
35000,31000,1632
35000,32000,1608
35000,33000,1668
35000,34000,1647
35000,35000,1652
35000,36000,1667
35000,37000,1628
35000,38000,1700
35000,39000,1697
35000,40000,1639
35000,41000,1639
35000,42000,1661
35000,43000,1619
35000,44000,1782
35000,45000,1754
35000,46000,1749
35000,47000,1714
35000,48000,1683
35000,49000,1704
35000,50000,1707
36000,1000,1761
36000,2000,1553
36000,3000,1564
36000,4000,1604
36000,5000,1648
36000,6000,1516
36000,7000,1611
36000,8000,1730
36000,9000,1532
36000,10000,1569
36000,11000,1676
36000,12000,1564
36000,13000,1645
36000,14000,1585
36000,15000,1644
36000,16000,1623
36000,17000,1754
36000,18000,1580
36000,19000,1697
36000,20000,1636
36000,21000,1628
36000,22000,1660
36000,23000,1704
36000,24000,1632
36000,25000,1635
36000,26000,1622
36000,27000,1689
36000,28000,1829
36000,29000,1715
36000,30000,1678
36000,31000,1618
36000,32000,1666
36000,33000,1728
36000,34000,1720
36000,35000,1647
36000,36000,1638
36000,37000,1655
36000,38000,1649
36000,39000,1719
36000,40000,1707
36000,41000,1642
36000,42000,1651
36000,43000,1713
36000,44000,1672
36000,45000,1714
36000,46000,1697
36000,47000,1841
36000,48000,1747
36000,49000,1744
36000,50000,1687
37000,1000,1656
37000,2000,1713
37000,3000,1643
37000,4000,1633
37000,5000,1664
37000,6000,1668
37000,7000,1655
37000,8000,1705
37000,9000,1595
37000,10000,1660
37000,11000,1620
37000,12000,1624
37000,13000,1612
37000,14000,1654
37000,15000,1644
37000,16000,1608
37000,17000,1642
37000,18000,1676
37000,19000,1701
37000,20000,1662
37000,21000,1716
37000,22000,1639
37000,23000,1637
37000,24000,1667
37000,25000,1713
37000,26000,1690
37000,27000,1737
37000,28000,1645
37000,29000,1762
37000,30000,1702
37000,31000,1712
37000,32000,1653
37000,33000,1682
37000,34000,1767
37000,35000,1718
37000,36000,1719
37000,37000,1752
37000,38000,1704
37000,39000,1736
37000,40000,1749
37000,41000,1804
37000,42000,1697
37000,43000,1785
37000,44000,1899
37000,45000,1751
37000,46000,1783
37000,47000,1735
37000,48000,1800
37000,49000,1790
37000,50000,1841
38000,1000,1770
38000,2000,1666
38000,3000,1666
38000,4000,1675
38000,5000,1700
38000,6000,1672
38000,7000,1643
38000,8000,1676
38000,9000,1668
38000,10000,1679
38000,11000,1650
38000,12000,1761
38000,13000,1698
38000,14000,1719
38000,15000,1676
38000,16000,1755
38000,17000,1659
38000,18000,1771
38000,19000,1670
38000,20000,1828
38000,21000,1689
38000,22000,1773
38000,23000,1761
38000,24000,1724
38000,25000,1679
38000,26000,1793
38000,27000,1775
38000,28000,1730
38000,29000,1819
38000,30000,1782
38000,31000,1715
38000,32000,1805
38000,33000,1814
38000,34000,1739
38000,35000,1750
38000,36000,1751
38000,37000,1730
38000,38000,1825
38000,39000,1800
38000,40000,1780
38000,41000,1788
38000,42000,1789
38000,43000,1771
38000,44000,1973
38000,45000,1840
38000,46000,1850
38000,47000,1957
38000,48000,1883
38000,49000,1764
38000,50000,1872
39000,1000,1634
39000,2000,1675
39000,3000,1688
39000,4000,1755
39000,5000,1687
39000,6000,1693
39000,7000,1826
39000,8000,1655
39000,9000,1788
39000,10000,1747
39000,11000,1710
39000,12000,1770
39000,13000,1820
39000,14000,1732
39000,15000,1801
39000,16000,1834
39000,17000,1703
39000,18000,1748
39000,19000,1771
39000,20000,1915
39000,21000,1798
39000,22000,1721
39000,23000,1820
39000,24000,1771
39000,25000,1811
39000,26000,1883
39000,27000,1844
39000,28000,1842
39000,29000,1868
39000,30000,1827
39000,31000,1748
39000,32000,1794
39000,33000,1789
39000,34000,1878
39000,35000,1764
39000,36000,1853
39000,37000,1774
39000,38000,1879
39000,39000,1892
39000,40000,1773
39000,41000,1892
39000,42000,1877
39000,43000,1956
39000,44000,1883
39000,45000,1921
39000,46000,1815
39000,47000,1921
39000,48000,1898
39000,49000,1907
39000,50000,1918
40000,1000,1727
40000,2000,1780
40000,3000,1758
40000,4000,1729
40000,5000,1750
40000,6000,1881
40000,7000,1738
40000,8000,1959
40000,9000,1728
40000,10000,1844
40000,11000,1792
40000,12000,1798
40000,13000,1818
40000,14000,1797
40000,15000,1824
40000,16000,1792
40000,17000,1792
40000,18000,1912
40000,19000,1842
40000,20000,1909
40000,21000,1775
40000,22000,1889
40000,23000,1825
40000,24000,1869
40000,25000,1836
40000,26000,1801
40000,27000,1947
40000,28000,1828
40000,29000,1849
40000,30000,1918
40000,31000,1839
40000,32000,1960
40000,33000,1844
40000,34000,1831
40000,35000,1831
40000,36000,1859
40000,37000,1888
40000,38000,1914
40000,39000,1891
40000,40000,1848
40000,41000,1898
40000,42000,1932
40000,43000,1913
40000,44000,1922
40000,45000,1901
40000,46000,1903
40000,47000,1945
40000,48000,2032
40000,49000,1884
40000,50000,1925
41000,1000,1849
41000,2000,1769
41000,3000,1970
41000,4000,1857
41000,5000,1792
41000,6000,1771
41000,7000,1800
41000,8000,1742
41000,9000,1869
41000,10000,1804
41000,11000,1766
41000,12000,1816
41000,13000,1825
41000,14000,1779
41000,15000,1793
41000,16000,1884
41000,17000,1832
41000,18000,1853
41000,19000,1917
41000,20000,1921
41000,21000,1805
41000,22000,1928
41000,23000,1834
41000,24000,1912
41000,25000,1870
41000,26000,1920
41000,27000,1971
41000,28000,1823
41000,29000,1872
41000,30000,1837
41000,31000,1939
41000,32000,1872
41000,33000,1868
41000,34000,1895
41000,35000,1901
41000,36000,1881
41000,37000,1904
41000,38000,1986
41000,39000,1986
41000,40000,1949
41000,41000,1991
41000,42000,1936
41000,43000,1910
41000,44000,1890
41000,45000,1933
41000,46000,1873
41000,47000,2046
41000,48000,2100
41000,49000,1943
41000,50000,1904
42000,1000,1862
42000,2000,1877
42000,3000,1892
42000,4000,1899
42000,5000,1801
42000,6000,1820
42000,7000,1868
42000,8000,1884
42000,9000,1889
42000,10000,1793
42000,11000,1847
42000,12000,1927
42000,13000,1890
42000,14000,1866
42000,15000,1922
42000,16000,1876
42000,17000,1916
42000,18000,1941
42000,19000,1903
42000,20000,1909
42000,21000,1907
42000,22000,1888
42000,23000,1989
42000,24000,1946
42000,25000,1875
42000,26000,1941
42000,27000,1983
42000,28000,1891
42000,29000,1872
42000,30000,1968
42000,31000,1929
42000,32000,1914
42000,33000,1871
42000,34000,1890
42000,35000,1946
42000,36000,2020
42000,37000,1932
42000,38000,1917
42000,39000,2040
42000,40000,1944
42000,41000,1961
42000,42000,2019
42000,43000,1894
42000,44000,2017
42000,45000,1985
42000,46000,2010
42000,47000,1949
42000,48000,1939
42000,49000,1955
42000,50000,1919
43000,1000,1830
43000,2000,1850
43000,3000,1934
43000,4000,1939
43000,5000,1798
43000,6000,1861
43000,7000,1949
43000,8000,1839
43000,9000,1847
43000,10000,1868
43000,11000,1929
43000,12000,1944
43000,13000,1977
43000,14000,1916
43000,15000,1959
43000,16000,1982
43000,17000,1892
43000,18000,2037
43000,19000,1940
43000,20000,1968
43000,21000,1939
43000,22000,1954
43000,23000,1898
43000,24000,2034
43000,25000,2008
43000,26000,1969
43000,27000,2016
43000,28000,1959
43000,29000,2003
43000,30000,1923
43000,31000,1947
43000,32000,1938
43000,33000,1980
43000,34000,2100
43000,35000,1932
43000,36000,2028
43000,37000,2010
43000,38000,1997
43000,39000,2063
43000,40000,1983
43000,41000,2040
43000,42000,2047
43000,43000,1965
43000,44000,2084
43000,45000,2002
43000,46000,1982
43000,47000,2011
43000,48000,2003
43000,49000,2011
43000,50000,1949
44000,1000,1897
44000,2000,1854
44000,3000,1892
44000,4000,1828
44000,5000,2050
44000,6000,1970
44000,7000,1970
44000,8000,1962
44000,9000,2022
44000,10000,1910
44000,11000,1907
44000,12000,2027
44000,13000,2008
44000,14000,1986
44000,15000,2069
44000,16000,2128
44000,17000,1998
44000,18000,1990
44000,19000,2020
44000,20000,2006
44000,21000,2052
44000,22000,1985
44000,23000,1938
44000,24000,2008
44000,25000,2017
44000,26000,1963
44000,27000,1972
44000,28000,1957
44000,29000,2008
44000,30000,2046
44000,31000,1951
44000,32000,2016
44000,33000,1977
44000,34000,2011
44000,35000,1988
44000,36000,2014
44000,37000,2093
44000,38000,1997
44000,39000,2074
44000,40000,2058
44000,41000,2036
44000,42000,2073
44000,43000,2073
44000,44000,2101
44000,45000,2073
44000,46000,2013
44000,47000,2098
44000,48000,2165
44000,49000,1999
44000,50000,2051
45000,1000,1870
45000,2000,1911
45000,3000,1995
45000,4000,1971
45000,5000,2071
45000,6000,1994
45000,7000,1982
45000,8000,1917
45000,9000,1981
45000,10000,1927
45000,11000,1945
45000,12000,2065
45000,13000,1980
45000,14000,2183
45000,15000,2024
45000,16000,1964
45000,17000,2029
45000,18000,2077
45000,19000,2089
45000,20000,2045
45000,21000,2113
45000,22000,1974
45000,23000,2083
45000,24000,2042
45000,25000,2049
45000,26000,1993
45000,27000,2041
45000,28000,2042
45000,29000,2058
45000,30000,2034
45000,31000,1998
45000,32000,2156
45000,33000,2192
45000,34000,2035
45000,35000,2082
45000,36000,2153
45000,37000,2064
45000,38000,2124
45000,39000,2102
45000,40000,2095
45000,41000,2318
45000,42000,2076
45000,43000,2068
45000,44000,2047
45000,45000,2113
45000,46000,2085
45000,47000,2040
45000,48000,2067
45000,49000,2133
45000,50000,2201
46000,1000,2009
46000,2000,1984
46000,3000,1988
46000,4000,2047
46000,5000,1978
46000,6000,2035
46000,7000,2100
46000,8000,1955
46000,9000,2067
46000,10000,2044
46000,11000,2075
46000,12000,2222
46000,13000,2058
46000,14000,2041
46000,15000,2089
46000,16000,2096
46000,17000,2063
46000,18000,2027
46000,19000,2069
46000,20000,2056
46000,21000,2017
46000,22000,2108
46000,23000,2043
46000,24000,2115
46000,25000,2035
46000,26000,2030
46000,27000,2147
46000,28000,2353
46000,29000,2088
46000,30000,2203
46000,31000,2267
46000,32000,2288
46000,33000,2020
46000,34000,2120
46000,35000,2072
46000,36000,2232
46000,37000,2339
46000,38000,2094
46000,39000,2140
46000,40000,2132
46000,41000,2080
46000,42000,2142
46000,43000,2265
46000,44000,2230
46000,45000,2087
46000,46000,2140
46000,47000,2143
46000,48000,2159
46000,49000,2105
46000,50000,2129
47000,1000,2118
47000,2000,2016
47000,3000,2011
47000,4000,1991
47000,5000,2093
47000,6000,2007
47000,7000,2059
47000,8000,2088
47000,9000,2109
47000,10000,2247
47000,11000,2078
47000,12000,2106
47000,13000,2059
47000,14000,2058
47000,15000,2018
47000,16000,2025
47000,17000,2130
47000,18000,2195
47000,19000,2082
47000,20000,2147
47000,21000,2242
47000,22000,2202
47000,23000,2169
47000,24000,2123
47000,25000,2139
47000,26000,2286
47000,27000,2104
47000,28000,2103
47000,29000,2218
47000,30000,2067
47000,31000,2229
47000,32000,2128
47000,33000,2269
47000,34000,2309
47000,35000,2189
47000,36000,2176
47000,37000,2223
47000,38000,2163
47000,39000,2268
47000,40000,2166
47000,41000,2167
47000,42000,2137
47000,43000,2121
47000,44000,2174
47000,45000,2305
47000,46000,2768
47000,47000,2151
47000,48000,2291
47000,49000,2152
47000,50000,2215
48000,1000,2298
48000,2000,2082
48000,3000,2076
48000,4000,2135
48000,5000,2209
48000,6000,2072
48000,7000,2303
48000,8000,2171
48000,9000,2062
48000,10000,2118
48000,11000,2181
48000,12000,2093
48000,13000,2108
48000,14000,2137
48000,15000,2229
48000,16000,2146
48000,17000,2089
48000,18000,2109
48000,19000,2207
48000,20000,2146
48000,21000,2097
48000,22000,2158
48000,23000,2147
48000,24000,2154
48000,25000,2228
48000,26000,2170
48000,27000,2096
48000,28000,2218
48000,29000,2199
48000,30000,2104
48000,31000,2210
48000,32000,2243
48000,33000,2137
48000,34000,2288
48000,35000,2390
48000,36000,2303
48000,37000,2315
48000,38000,2224
48000,39000,2156
48000,40000,2127
48000,41000,2241
48000,42000,2171
48000,43000,2282
48000,44000,2159
48000,45000,2235
48000,46000,2188
48000,47000,2139
48000,48000,2279
48000,49000,2256
48000,50000,2226
49000,1000,2168
49000,2000,2169
49000,3000,2140
49000,4000,2114
49000,5000,2198
49000,6000,2101
49000,7000,2149
49000,8000,2216
49000,9000,2203
49000,10000,2183
49000,11000,2249
49000,12000,2257
49000,13000,2266
49000,14000,2317
49000,15000,2171
49000,16000,2265
49000,17000,2291
49000,18000,2161
49000,19000,2161
49000,20000,2280
49000,21000,2216
49000,22000,2120
49000,23000,2182
49000,24000,2138
49000,25000,2193
49000,26000,2254
49000,27000,2185
49000,28000,2268
49000,29000,2216
49000,30000,2329
49000,31000,2238
49000,32000,2158
49000,33000,2391
49000,34000,2212
49000,35000,2237
49000,36000,2202
49000,37000,2221
49000,38000,2186
49000,39000,2279
49000,40000,2314
49000,41000,2313
49000,42000,2207
49000,43000,2226
49000,44000,2218
49000,45000,2275
49000,46000,2270
49000,47000,2196
49000,48000,2292
49000,49000,2273
49000,50000,2189
50000,1000,2262
50000,2000,2200
50000,3000,2140
50000,4000,2291
50000,5000,2264
50000,6000,2178
50000,7000,2190
50000,8000,2291
50000,9000,2210
50000,10000,2165
50000,11000,2263
50000,12000,2247
50000,13000,2329
50000,14000,2273
50000,15000,2181
50000,16000,2263
50000,17000,2219
50000,18000,2258
50000,19000,2262
50000,20000,2229
50000,21000,2362
50000,22000,2210
50000,23000,2292
50000,24000,2235
50000,25000,2293
50000,26000,2284
50000,27000,2423
50000,28000,2401
50000,29000,2176
50000,30000,2274
50000,31000,2317
50000,32000,2208
50000,33000,2356
50000,34000,2244
50000,35000,2269
50000,36000,2218
50000,37000,2229
50000,38000,2306
50000,39000,2267
50000,40000,2348
50000,41000,2318
50000,42000,2234
50000,43000,2364
50000,44000,2293
50000,45000,2305
50000,46000,2370
50000,47000,2343
50000,48000,2338
50000,49000,2363
50000,50000,2319
